transaction_id,user_id,amount,transaction_date,category
c062b72d-8086-4ca9-aebb-dfb51de4bb6a,1044,374.73,2021-09-09,Travel
06b28253-d370-4075-bd3d-5f87ec707b01,1036,238.31,2020-01-28,Travel
88b01f46-a937-455f-8ff9-b0ad02e8c1ca,1082,442.39,2021-05-13,Food
d697237c-3b76-41f6-b07e-77b374fd2ecb,1046,75.35,2021-03-26,Utilities
bf942072-144b-48f4-a128-540a13b7e855,1061,97.88,2019-07-05,Travel
4094f007-d008-47e9-8834-ac60ff585145,1055,324.18,2019-12-21,Food
5dd77c25-1221-431c-8974-701f8af6f1cf,1052,439.65,2022-07-06,Food
b997d868-cbc7-45a8-8f17-56180045b33d,1029,211.65,2020-12-07,Entertainment
0c018187-d3ff-4627-bcd3-24005906519d,1082,200.6,2020-04-18,Shopping
9243ff65-a1b0-4817-982f-04e8b689fcb1,1080,444.5,2022-02-15,Shopping
d9e202f1-064d-4406-8f45-5ad308e31846,1096,216.79,2020-05-16,Travel
59b4230f-af60-4bdb-b6ba-56d943d63c72,1081,28.86,2020-07-27,Shopping
ab3a330e-3048-4135-90a8-a14fb9ac09cd,1047,269.98,2022-08-23,Utilities
3b062c7d-774f-4b1d-bce6-cdf3a9c7755c,1043,288.7,2023-12-24,Shopping
fcf80423-6ca2-4a56-91e8-86eb456a577c,1066,468.5,2019-03-28,Food
56443895-ccee-4518-ad05-23d312c20975,1014,63.95,2018-09-18,Utilities
9a51d3c6-eb6e-4091-a7bb-ad847ad837ef,1000,108.03,2020-04-26,Travel
6412e04a-cfa6-4d7d-bcab-be1bba3d0107,1096,278.39,2019-11-24,Food
dab563c1-0762-4fbd-a591-b6e1c79eab75,1055,33.49,2021-10-22,Shopping
d5e0008d-9179-41c5-9687-e9228d253e3e,1079,123.91,2018-10-29,Food
e010ec68-2ea0-4a49-851c-658368aee5d5,1011,375.77,2018-10-13,Shopping
b1339507-c9b2-41a5-8003-c1293a027baa,1075,117.45,2019-03-03,Food
c423ba06-75f7-4c05-b154-952d32abf170,1053,88.98,2021-04-15,Entertainment
2f764b50-ef60-4e6f-9555-492a99e06c69,1050,204.39,2022-03-30,Travel
121cb0af-20f3-4068-81cb-111811a7bec6,1044,478.79,2020-01-01,Shopping
07d99a65-52c0-4ac3-b034-d0aaa005f757,1000,448.22,2023-11-29,Shopping
2d057d94-e88b-4f77-8001-5aee89a75250,1044,465.75,2018-11-08,Travel
e7485f06-69d5-4622-8209-ba49e36d6861,1003,234.18,2021-03-19,Travel
bcccfd3a-d9d9-4abd-9b79-e149667e086e,1070,310.91,2018-08-15,Shopping
10e17710-841f-47ed-96a2-41aee875f738,1037,477.02,2019-02-03,Food
30dbc76e-8e0c-490f-9b1e-223d0357a2c2,1003,51.33,2021-04-11,Travel
35e47a6a-33c3-4d37-a1cb-eee51a5548fe,1089,24.37,2019-01-18,Entertainment
58a2ffce-63b8-4160-ac71-1070d899b419,1044,67.22,2021-07-31,Food
70fea634-c663-4283-a8d6-ad2700382af6,1022,77.69,2022-08-21,Shopping
50698516-414d-4060-b5da-c0d2c221f21c,1054,249.42,2018-02-19,Shopping
60244797-5165-43d3-8264-c34f78de477e,1018,148.73,2019-09-03,Travel
4854b269-6aac-49b5-8a58-2e0b90f95225,1012,350.33,2023-02-17,Travel
454faca1-0b67-4a89-bfa3-ccb4ca2429b3,1070,67.27,2022-05-19,Food
0d83a587-a442-429c-9b61-a57de0578b3c,1013,154.4,2023-02-06,Shopping
d7e2887a-1b60-449b-8d5c-787e5709e574,1009,143.77,2018-01-07,Utilities
6f476c32-5682-4512-82da-c1df95dfea94,1032,403.14,2020-10-15,Entertainment
4ddd94ec-d66d-46d4-92b4-2ea4dde7a557,1048,262.83,2020-02-10,Shopping
9d958f6f-a96d-446a-91b2-c6fe7eae24a4,1014,340.2,2021-09-12,Travel
be2627d6-3cb1-4276-8365-c0c318237235,1040,97.63,2019-04-06,Utilities
795989fa-24bf-4b27-a999-f18340ef48da,1079,375.93,2020-08-18,Food
ef379a27-d278-49d6-8e1f-ca1fa1910277,1054,436.92,2021-12-17,Shopping
9023147e-4af3-4c95-8fa8-c812fca4b6cb,1029,35.54,2021-09-03,Travel
1f1f16fe-4e7b-4c4c-8bd5-39c2c06067b5,1081,331.21,2022-03-30,Utilities
934438c8-c978-4b51-b380-d850a0c79ff8,1048,271.35,2023-06-17,Travel
97ebe675-4054-48c4-b82f-22e9f2d6b6cb,1072,325.15,2019-07-04,Travel
4d887ab4-d70a-4c99-baf0-8c5cd0a20bc7,1037,71.44,2018-01-14,Travel
556e3f91-686f-443f-8a3a-b470dc879dda,1067,205.99,2022-04-29,Entertainment
e1eb6326-3e99-493a-be66-818b3e011779,1077,146.92,2021-04-26,Food
34e3bbf6-2a55-49c1-99be-756bd9230ca8,1083,149.72,2023-08-04,Shopping
e84816f0-f3df-441f-9347-7fa6418a4313,1012,470.88,2019-03-26,Entertainment
c76149e2-0753-4f72-859b-20d7719258d1,1061,187.84,2020-04-02,Food
af85ca17-892e-4939-a509-88d6d6ecf58f,1098,279.65,2021-01-20,Travel
bcde441d-292c-4e57-98bc-b150bd650590,1019,40.32,2021-04-11,Food
ef84ce9f-795e-47da-afa5-291bfed6e6ea,1097,280.75,2020-02-24,Utilities
7ca773b6-727e-413b-809d-efb8c0b532b8,1088,306.55,2023-08-01,Shopping
82579829-919f-42fc-9989-3c060bff86d2,1030,497.94,2018-01-08,Travel
2d831e9e-dadd-4c0a-b189-3c75afd62354,1003,488.53,2018-10-09,Travel
cb33a9a4-42b8-4449-bed9-df728de9a0f6,1043,393.91,2023-06-23,Shopping
2cbccf24-1e92-44eb-96d0-254545e1179f,1045,309.15,2018-03-31,Entertainment
281573c2-bb25-40ce-b635-fc1f1175dbaa,1097,499.48,2023-01-18,Utilities
de3da10c-407f-4a35-aecb-38f8a460a1f4,1081,142.32,2021-08-13,Entertainment
5914d857-2b4b-40ee-af2d-433b0bb92659,1098,29.44,2019-11-03,Food
f7e1edc3-79c3-401c-839b-d80ad9c86687,1014,65.54,2022-06-25,Shopping
92834344-46fa-4b56-8127-47704029a727,1020,63,2022-05-20,Shopping
20a972a0-e26b-427c-8da1-e3543ca63c7d,1046,65.46,2018-01-11,Shopping
f3d7f604-0e90-42e0-af3f-b4e3c9e69a49,1072,432.63,2019-10-09,Entertainment
bfcda85e-9eb4-4b9c-a55b-8eaef578b710,1013,83.62,2022-07-17,Shopping
a0192088-f5b2-4350-b263-3d6372cde1e9,1099,81.77,2023-10-21,Entertainment
7a837d98-2259-4237-9631-284a5dac7553,1010,22.42,2020-06-22,Travel
351ea04e-fc12-4823-a782-112490d815c8,1094,19.34,2023-07-24,Entertainment
bfb00784-b860-44d2-8154-6d2e73cfd157,1040,331.79,2021-04-28,Entertainment
a229ea5d-91a0-4723-b30e-16ddd40f4005,1038,464.61,2022-08-15,Travel
501bdd38-1adb-438c-9163-e5ad82a7d748,1002,109.57,2023-03-27,Food
64c5b700-05b8-4529-95a4-c7ad59bd9531,1051,405.3,2022-12-09,Food
480cfc40-8235-4467-8d50-b0f11b9cb90a,1060,263.59,2021-08-30,Utilities
8211a3ca-93bc-401e-a7f1-4c8021b2d609,1086,135.72,2018-10-04,Entertainment
48eeb6fd-c0cf-4dec-af8d-2b2d3b60f875,1018,429.47,2019-09-25,Food
1afdd421-5bad-4fc2-8070-b4e9c54a8ffe,1084,120.62,2022-06-04,Food
530b4593-067b-4bc3-a1de-649aa64abdb8,1080,434.05,2021-05-28,Shopping
8a84b2ad-cbaf-4e9a-a160-8d37c780bf70,1007,55.41,2022-09-30,Food
58fd26d1-f577-4767-aa2d-994053263989,1028,42.11,2018-11-05,Utilities
f1ea1743-4842-4428-bdb7-06d7944ab552,1099,219.16,2022-12-06,Utilities
0eed306f-8d7a-4bb8-86c4-fe45654c27de,1045,174.78,2022-01-28,Entertainment
3a71307c-da7c-42a7-a65e-5b69fb7f6d23,1081,322.65,2019-10-22,Entertainment
a82d1058-14b7-4280-9b62-41ff9ae63080,1074,20.26,2019-11-24,Utilities
5d2c9391-a26b-4131-ac2e-fb857d79492f,1045,392.6,2020-02-01,Shopping
854a08d9-3207-48a6-aaa4-74fb35e0359b,1061,434.94,2023-01-07,Entertainment
cf4f136b-fa01-44df-99ca-18b42920675e,1083,304.27,2022-03-17,Shopping
4dab3166-a4c6-4ad1-81b3-920fb5e8eec6,1001,23.31,2018-04-12,Shopping
b1bbbaff-f940-46a5-800c-6622b9d7e3c5,1081,479.38,2018-04-30,Entertainment
0e59f360-c89b-49e4-be1a-57cab2b15482,1071,88.93,2018-05-08,Utilities
d081e36c-43e8-4787-b1c2-8e55108921c0,1039,418.36,2019-06-18,Entertainment
b6a9fc91-65c1-4057-95c5-5202e69a56be,1003,497.03,2019-03-06,Food
07ca0eb4-ce73-4004-bde5-a6eda384a1fb,1017,247.84,2020-07-04,Travel
f7acd611-1041-4e01-bf8b-c58798a8e25a,1025,80.47,2018-06-18,Shopping
18342b03-3166-4887-ab8b-da3d34398c7a,1050,276.89,2018-01-12,Entertainment
e6203ad2-a00b-48db-be62-4fc531b95f62,1077,396.17,2018-04-10,Entertainment
aaffcc8a-64ea-45cc-81e4-3ad222746711,1019,310.09,2018-02-28,Food
dae4a03e-714b-4366-993d-bacb87cc410a,1079,225.4,2021-02-26,Utilities
5869eb15-550f-401a-ab88-0e4674619567,1011,440.5,2019-12-01,Travel
fa0e4187-a1c0-4555-b5f5-4d764eb5c8b9,1063,234.55,2022-12-22,Utilities
43724e59-1885-4c7b-a0fd-f9ecc797ba30,1079,261.94,2020-03-06,Food
565c2c0a-31cf-4d26-a38d-f12b4349ad05,1024,424.99,2020-11-22,Utilities
c93f76b7-452b-465d-9c4f-61caf8aab432,1074,112.99,2021-09-27,Entertainment
048028a4-a790-4acd-b942-ed503d239d22,1078,297.57,2022-10-02,Utilities
fe09a5e8-de7e-4d7d-99d3-fe65422dfe5c,1015,165.12,2018-12-31,Travel
e3d489cc-f240-498c-86c3-4f599e09c92e,1085,320,2023-11-22,Entertainment
e35cae86-2e79-49b2-a357-4c1c6c0252b9,1026,260.69,2021-05-12,Shopping
647591d2-b9ae-4c48-a9ab-39200cb9083e,1027,170.14,2023-11-18,Food
a2c3a103-8d90-42ea-8f84-12ae233837ff,1092,441.2,2020-01-24,Food
19f60905-fad8-4a08-9fd8-a88714f5a0b4,1090,443.99,2021-05-17,Food
507f053a-7a22-4cce-9823-1e42f6fb7f8c,1080,166.86,2020-01-16,Food
fca3f7e9-fa4a-468b-a8e1-b52c70158d3a,1092,35.42,2020-06-07,Utilities
c0a941f3-c95b-43cd-a94a-0ce7b337d4e9,1039,20.35,2020-03-24,Entertainment
ca8ad4d8-b325-4f39-8853-4666ee67fa00,1037,85.92,2018-02-25,Food
3540659d-cbe4-4c8d-952a-5e020ee35409,1003,163.99,2018-06-03,Travel
4e8f07bf-d6f2-459e-850a-3b159e8e78c5,1039,236.42,2022-12-30,Travel
24aece57-9be4-4657-81ec-c83c27621e16,1095,453.61,2020-10-22,Shopping
832b1de1-7ee5-4b21-981c-28348b23f8d9,1025,499.33,2021-12-24,Shopping
8bf787b3-1d66-43fb-968a-a6fda56d19f8,1074,226.74,2022-05-19,Travel
deaf53ee-fbbc-4e5c-a26b-f8ce43d165fe,1012,235.45,2022-08-24,Utilities
e8435834-e6a6-4134-958f-1827d2fdd313,1097,44.39,2020-03-12,Entertainment
8ecdbdaf-1aef-4e25-842e-b1e7b8f42aa8,1054,409.58,2019-04-06,Utilities
51e008a5-b4ff-4677-871e-d3fa0867eea9,1095,499.19,2023-07-30,Entertainment
aee28f02-9275-4dae-9958-708c7bcd0f22,1076,331.77,2020-01-23,Utilities
214cfe33-b383-4102-a2c5-eddec29cc47b,1080,102.48,2023-12-03,Utilities
c529cba7-3e01-47d0-aa9d-eb7dbc66711f,1052,481.03,2018-03-02,Shopping
f5773821-8ad8-429b-ba55-22b16a277eff,1040,116.39,2020-06-11,Food
4ee416e8-88a1-4e6f-a483-0abce86d3850,1049,307.32,2022-09-20,Shopping
8caa516a-d643-4d70-9005-403a7d65e35e,1020,78.38,2022-02-23,Food
848ade3e-13f0-4965-84f9-501400fb4c85,1016,154.93,2020-08-29,Shopping
f17e4544-86c4-44bf-85ed-9f16e6b77ea2,1043,101.84,2022-02-26,Travel
17aec6bb-188b-4a6a-a078-c9dd7070541b,1045,438.02,2021-03-18,Food
3a091fd3-a332-4b70-990e-a9e615f761a5,1094,209.1,2020-07-09,Shopping
e66b63ad-f39e-4c17-8d22-f10b5dec3a7c,1020,231.91,2023-07-17,Shopping
491d7c81-2206-44af-a91c-19442aa2a787,1037,380.42,2022-03-12,Shopping
6b523914-b584-408a-b9ec-1f96f587be4e,1052,485.36,2021-09-07,Entertainment
97c4f537-5cc3-47b7-abaf-a678b67fdb43,1080,361.92,2020-05-23,Shopping
af99fd9b-7de8-4ee2-ac3f-540d3d382265,1054,33.36,2022-03-19,Entertainment
e4a0c6cd-0657-4815-ba45-370cced48d4d,1046,479.56,2020-10-16,Travel
13a5f7c4-64ae-4244-bf15-a7ee3f9c53f0,1054,116.74,2018-05-17,Travel
9de18e8c-942b-4624-a9e6-2751c9c10ecf,1068,428.96,2019-11-14,Travel
b4f50820-f66a-46bf-b741-6e7f8bbf1582,1051,214.95,2021-02-15,Food
c404d907-0e1c-4079-927e-d6f37c4a1373,1088,206.3,2019-04-02,Utilities
53a0cba5-239b-4255-931f-d3ee396ae2ce,1037,156.99,2021-09-13,Food
835b6855-ca93-421d-b99e-8deb6eddb26e,1005,269.97,2023-12-21,Entertainment
4f5c85d6-1ff9-492a-a1c2-9d5462a9c372,1031,496.83,2019-03-08,Entertainment
8f2ede12-0dce-43c6-8442-ecfaf2ed35dd,1077,242.54,2020-12-15,Travel
7265569b-613d-464c-bcaa-a92894e6c7ac,1092,290.48,2018-05-10,Entertainment
a55ad410-f12c-4829-bddf-bad305fdff0b,1048,451.35,2020-08-04,Travel
c31a49ed-f663-4733-9f82-ac6df877e029,1089,81.01,2020-10-08,Utilities
1c82bf3e-2349-4169-910d-9443257c3949,1054,42.4,2019-04-25,Entertainment
5089db3d-7290-4d5e-9f55-8d7af5cae683,1074,409.12,2020-12-24,Utilities
4af58b18-acae-452a-80dd-4d11187e0e75,1062,296.85,2018-05-18,Travel
91a8aebc-856f-451a-8cf1-a8d9cd2aa3b9,1067,82,2019-01-05,Travel
3e6cca72-1daa-4bbb-bd8e-0839e1a6f729,1032,134.87,2020-08-08,Travel
911c73f4-7440-4181-97e6-e35d3a900e39,1056,137.81,2021-08-28,Utilities
a465366c-8fae-455b-aef6-1dc955d50460,1081,21.81,2020-07-19,Travel
33bce11c-dc26-4290-807e-40555d5449cf,1062,268.41,2022-01-18,Utilities
937939dc-4e68-42a1-a588-8705c4480bce,1056,34.48,2021-09-02,Utilities
47043321-bfce-4636-9cce-dcaeaa7caca2,1019,69.5,2023-06-23,Entertainment
d8b12a56-e1e4-460e-aac2-acff1bd50719,1031,205.29,2019-11-13,Shopping
ad03d816-16a2-49b2-8ada-d0f36fa37186,1007,449.07,2020-01-11,Utilities
04857111-f4c0-4edb-9f29-48d63da000ac,1080,477.92,2018-01-17,Shopping
9f3e879a-95c7-4326-bd6a-83ad97c6d460,1033,361.42,2022-12-28,Entertainment
3a87b158-300c-466a-b926-cc8f221b0969,1044,183.11,2021-08-28,Shopping
786e9402-6f72-4f9d-9d0e-474230837c02,1090,314.56,2019-12-20,Shopping
66859049-a6a0-43de-882b-dcf0b79063d7,1024,322.04,2022-09-02,Shopping
8de8724b-30b4-4755-bdb0-fb23deb94867,1054,298.63,2018-02-26,Entertainment
f36a46cd-3fd6-47b8-a0ac-83c829d22f00,1074,458.69,2021-05-12,Shopping
99ecbf6d-1c2c-4183-8b9e-dd6c72568654,1096,245.96,2020-04-24,Food
6b78dbb5-92f2-44f5-b0d2-690918d0cd02,1010,337.95,2020-04-20,Food
2814ea6b-9167-4361-b7bc-3b9ca4b91ea3,1097,95.37,2023-10-15,Shopping
e002bbad-ed9e-4c9c-8d1d-03e6d595dda4,1058,192.18,2020-11-10,Entertainment
04a887f7-b93d-40dd-a4dd-7fe387f10ade,1075,327.89,2019-12-22,Shopping
259a8d92-d557-44a5-bfc7-4f897017cda0,1084,261.49,2018-01-22,Travel
d742dd52-d35f-446d-b68a-c55d87547809,1022,72.06,2018-02-17,Travel
f1e40996-ff0d-47d0-85cf-eb0496a4d4f4,1068,461.27,2018-03-28,Utilities
bc4b6d00-da15-4d89-9338-71c4d24d6adf,1026,13.4,2018-08-13,Travel
e7ced9c0-d0a1-401a-9bc5-c769d2893f22,1099,120.94,2022-12-05,Travel
1f08b9e1-f8c6-4094-bbf0-c7506f0aec68,1095,105.08,2019-10-24,Shopping
c60cffcc-c1dd-46aa-b306-ace31ee645fb,1031,39.86,2023-04-28,Entertainment
935243de-2aae-43e1-96d5-b94763c279c7,1033,163.96,2023-12-25,Food
e7a424c8-ba3c-4775-9500-03e37e6935c0,1084,368.65,2021-05-18,Shopping
389fffda-881c-47c1-bb3d-96ecc037280c,1002,119.09,2020-07-28,Shopping
222ae967-570d-464d-a5de-4b766915973c,1025,271.87,2023-06-18,Entertainment
7d9f08a6-0998-42c2-8bad-f6c2a72ad169,1082,370.52,2018-05-13,Travel
3c8b6ead-f796-4a11-b972-319a148db6a3,1098,209.94,2022-05-19,Travel
6027b9b5-f6f3-4f8e-a12b-58fcef9f0e56,1085,187.37,2023-01-28,Food
ac61830b-2efc-4f80-83b4-51d80f9d6a11,1006,94.73,2020-11-12,Utilities
b7999473-fd4b-4ac2-bbd8-2dec76378470,1057,148.18,2021-11-29,Utilities
678b7d23-7703-432d-aca2-69f0825a9ba0,1006,266.79,2018-01-05,Travel
84e75b61-8a9d-4988-9254-602d2957d691,1059,117.4,2022-11-07,Shopping
44665779-2d1e-4c62-93de-469e8ca63ffd,1064,65.98,2020-07-30,Entertainment
69436ed7-7b6b-4b97-baed-bb222adb5275,1000,230.43,2021-08-17,Travel
0b92e007-6243-421b-8e9c-3bbd7e2be567,1006,370.57,2018-04-09,Entertainment
b3a551cf-5afb-4879-a2f0-46d92df01338,1090,334.91,2023-02-04,Shopping
5c5ab6ee-825a-4c0e-ba24-e080fa3d060f,1081,186.2,2022-03-12,Entertainment
f423f5be-5e56-4fc6-ad29-b6cae52a7002,1054,457.58,2023-09-14,Entertainment
1d3cf628-5bb6-4cd8-bd17-bd35b37e5851,1054,66.6,2019-04-17,Shopping
36344c5a-fc01-4851-958f-f304da783c4f,1025,370,2020-01-01,Travel
2cc3ddc5-398f-4328-aa7e-767a012a253c,1084,362.92,2018-02-18,Utilities
09ab7818-1497-45f0-ac4e-c41ffb24d90f,1010,436.63,2020-01-26,Entertainment
f687a354-a3c1-46e9-9efc-c53e4f9e3995,1031,70.33,2020-04-17,Travel
6a2d8c43-10fc-4bfd-88f5-57528bca7e7b,1034,154.58,2021-04-07,Shopping
12ff11e3-0b00-42d6-be41-5deb4d14b56c,1080,73.31,2018-03-26,Shopping
c7a79841-c548-4f50-9e91-6a9086c6d789,1077,321.2,2019-12-24,Shopping
60c5c361-7970-42d3-aa66-f39e58549c2e,1063,143.54,2023-09-22,Utilities
9daf06b8-6f91-49e8-9772-c7dfc6d4b28d,1034,310.18,2019-04-27,Food
e69f104d-8e03-44b7-a8f7-f756ae9b3494,1049,17.21,2021-01-25,Food
45fcd158-491e-4351-838e-9da0a6dc2cf7,1003,234.15,2018-04-14,Travel
a4101307-b6e2-41b4-b7c2-e52bf091075d,1065,19.44,2020-08-12,Shopping
c07043b9-5627-4e2e-a6e2-b617c8dfbdbd,1096,442,2019-12-19,Food
cc289d19-7de7-4cf6-bb48-c8711319a8c6,1058,41.15,2020-04-17,Food
38b07188-144d-40b1-a731-d0fd8bfcec07,1099,416.21,2020-09-03,Food
6e0b4d63-c57b-4843-9ec2-ce134d2a6714,1075,357.5,2019-12-11,Travel
13c490b7-6ba9-4db7-bbab-03fc64715d15,1079,464.01,2023-07-14,Entertainment
8326fcc1-7824-45ca-9790-af123afc13ab,1014,273.98,2018-08-02,Utilities
459c896e-a331-495a-9756-5ce157f828eb,1099,51.75,2020-12-11,Travel
4aed2aa4-56a2-42f2-afa9-b8cc7d309639,1086,157.73,2023-03-12,Entertainment
a1c5ee7c-4ce6-41d1-b28c-7953fc6dfbcb,1047,318.33,2019-12-18,Food
057a0a58-58ca-49fc-a626-c7ab5d750f5a,1033,206.76,2022-11-01,Shopping
ad4a5a9a-d3d8-408f-943f-31d41b99a8ed,1032,94.58,2021-01-22,Entertainment
a3bc5238-16c0-4248-aacb-9e512d3d8fde,1057,480.36,2019-01-26,Shopping
6f8016a4-a7d1-4128-9b48-143d56c8e932,1054,245.43,2023-08-01,Shopping
543db32a-394d-4e41-a28c-65344bccb9fb,1017,133.01,2022-11-10,Entertainment
97b2b1f8-8ac5-4a31-b873-6ff1a29a5725,1043,363.75,2022-08-18,Travel
0dbd3cdc-a882-4948-b811-1e780a088ec1,1074,395.9,2018-12-26,Food
c43ced69-e442-4d1f-8db5-dfffeaaeb3bf,1071,221.25,2022-10-14,Entertainment
fccc2a16-c712-4baa-a23c-f4b208ed84eb,1077,84.37,2019-08-07,Food
7df8ee36-e3cf-4527-a504-09d66e2ded51,1097,116.57,2020-03-30,Travel
16bc6bf7-b777-4789-ae57-fd6d53b51c8c,1008,126.85,2020-06-11,Utilities
79c98c3e-ad74-4785-a90a-2e8e9ad581f6,1025,94.47,2018-07-01,Travel
84c20029-72c6-476b-9964-43cb291d4724,1042,450.96,2020-03-09,Entertainment
22073737-d543-418b-9978-c5d6c711d66e,1039,109.98,2018-03-23,Utilities
75559637-ad0d-4bc1-9dd9-81748d05c92d,1027,313.83,2022-04-06,Entertainment
095c139c-1cf4-469b-8b13-b844132ec388,1072,31.58,2020-11-09,Entertainment
622f6b7f-8061-4582-b5de-36e7ec11e9a0,1071,207.34,2020-02-04,Travel
c93b8364-4ead-442f-8544-082828cd46a1,1097,320.22,2018-02-17,Entertainment
a251071d-7551-4abb-a7f0-6dd2e1ab28ae,1097,308.68,2018-10-09,Utilities
d8bab3f9-7fcb-4e85-b5c1-ae734a9371d9,1033,52.1,2020-09-08,Travel
84dfd2cc-1759-45e7-9c9f-e20059d10bbf,1033,31.36,2018-09-07,Utilities
fb0ac670-42e4-4759-b41e-8633ea2c468c,1015,269.38,2021-09-01,Entertainment
e18bc410-48af-455a-8b64-1d2520f49e96,1024,319.72,2022-08-18,Shopping
16f22aae-c790-4c64-a497-cbbf528b683e,1084,80.23,2018-12-02,Entertainment
61ac7ade-3712-4241-802a-b436d91a5b02,1088,156.95,2019-06-13,Food
4aa96d0b-727a-4c3a-9761-ce07fe9e6f60,1043,161.44,2018-08-03,Entertainment
68185a87-bccd-4865-9544-c07437c6662b,1023,431.26,2018-03-17,Utilities
c3b2286a-70ee-4535-bcdd-c8a056f42d1b,1006,394.49,2020-08-20,Entertainment
caa7628e-c4b2-40a2-9c39-1f89d5c4d321,1019,281.49,2022-07-24,Utilities
244eb2ea-bf82-4132-a480-88ebd1ef9157,1067,441.93,2022-01-25,Utilities
532dd06b-66db-483c-afd5-8a70ab25cd4d,1001,28.88,2022-05-18,Utilities
dfeae49e-bc6c-49b4-b038-12cf1824165f,1087,224.75,2022-02-14,Utilities
feae986c-d6c2-4062-8b46-28fd0c2a8923,1068,203.85,2022-05-10,Food
e173653b-79bb-4499-aa18-740191acfe0f,1072,470.97,2018-01-04,Travel
149cf6ef-da00-401e-a9c0-196733913151,1024,69.01,2021-06-30,Food
e34725f9-3f58-4195-8146-86ec7aad20c6,1063,349.44,2021-02-07,Food
d9df896c-bf54-44e2-af47-bc463067d839,1004,98.89,2022-03-25,Shopping
bf07cdfb-7fec-40b1-afdf-3ed2bd1cb161,1038,151.77,2022-06-09,Food
6fdfb086-53cb-487a-85c4-64fb43978c5e,1016,449.27,2023-07-13,Food
e19f7454-7c73-4c43-a0de-304e717679a0,1095,163.46,2020-12-04,Entertainment
907817f7-cfce-4e71-9678-a893d349a171,1064,354.03,2020-04-26,Entertainment
0cba41cc-3b1f-4ae1-a5a2-a327ced23257,1040,288.36,2018-11-04,Utilities
8ac12043-1e1c-496c-a60e-574bc749bedb,1078,127.73,2022-05-23,Entertainment
b8f300be-3f0b-45af-ab1e-4febd3b95265,1050,242.8,2023-12-01,Entertainment
97b9a46c-5213-4c45-b0ee-ced465a42d2b,1081,129.93,2022-07-05,Entertainment
368e32b2-71a4-40ec-a1f7-64522a910068,1085,261.03,2022-10-02,Entertainment
c438a6ce-f646-4b6f-b76f-6eed25a858d3,1019,44.02,2022-11-17,Travel
a53eab53-ab7b-4a2f-b51b-a87e449ba2da,1080,140.43,2019-11-23,Entertainment
76614e6b-f6a5-4b90-af6b-0885a10d1b66,1068,281.59,2019-12-05,Entertainment
b9e3baa0-df8f-4180-b8cd-3a5c00ee7566,1080,302.04,2018-05-24,Shopping
12e96071-a872-480d-a33b-f0216bb03905,1081,215.76,2018-03-17,Entertainment
ab48335a-0302-4e2d-b30d-687878ab31e6,1045,242.9,2018-02-03,Food
e62350ca-87de-4673-87d4-77bf08309173,1013,407.45,2022-03-01,Food
d349ad79-9e59-4757-9d0c-9954fecac3a0,1008,111.82,2019-01-07,Travel
09490910-8363-4055-b197-d47d85f38e85,1001,300.35,2018-12-20,Entertainment
1d3b52c3-2a1b-4c95-bce1-33bfc5f18500,1059,147.88,2021-09-06,Food
e5a6e494-9d76-412e-8f79-ef777ec16e76,1000,238.75,2021-11-18,Entertainment
3461e271-500a-41d1-af5b-e60cac0f9e44,1087,44.87,2019-11-01,Shopping
129ac771-5157-4724-8aac-4a8024f13259,1009,489.04,2019-03-06,Shopping
9d61c087-4789-4b12-8889-a6f18421b4ad,1007,211.09,2019-10-04,Food
2647ca7b-5cc1-417e-ac3b-f6c3c7705de2,1043,325.02,2022-10-30,Utilities
f39bb165-0179-4eaf-8e40-b31059be1421,1097,307.05,2018-01-07,Entertainment
4ecd00c9-ba67-4f66-8802-9b3ec9c4abad,1055,54.83,2022-05-11,Travel
d0670b81-eaed-4b7c-be38-2028b3f33ea5,1087,74.16,2021-04-13,Entertainment
8f3a39b1-1a2d-4bb6-b8cd-4cefede8df57,1056,173.18,2018-02-26,Shopping
cd6196bc-f373-4998-bf9c-7b60ecf2a6a6,1078,286.63,2022-08-04,Food
8c8a95cb-1b0f-4137-b4df-12ac9405dd7b,1051,143.82,2021-03-24,Entertainment
132d6a41-f91e-4616-aba1-6a31c3afa21b,1061,201.08,2022-09-29,Food
28ede839-2c97-46d1-936f-c8ac0fe2f233,1077,35.67,2023-05-13,Utilities
70fd0688-2033-4a99-8f2d-e83a85f8088a,1018,248.09,2022-11-23,Utilities
54cdac3c-b097-4ea8-a059-585247a885cb,1062,179.49,2018-11-03,Entertainment
2b3083a0-5406-428d-902c-cb0f0f4f8b53,1032,180.64,2022-12-07,Food
9a5c968e-4a21-4578-90c7-383821686e14,1069,150.3,2023-04-25,Food
6443db1b-3b9e-4fb3-86bd-10e5c973c216,1006,366.59,2020-04-15,Food
3efed9f5-835c-4390-917a-7f325e122f16,1067,225.34,2020-02-24,Utilities
3f2d7576-f41e-43c6-9dd2-10d7df149370,1020,374.03,2020-04-12,Food
4c80941f-59f1-4644-a64d-a9ea06cbf092,1020,122.84,2019-04-07,Shopping
475484cd-3040-42f3-b920-26ce98e39a20,1079,70.03,2020-05-26,Shopping
9f9d9f71-e4a8-4943-9ea2-45c49c2cb526,1097,72.26,2023-03-14,Entertainment
7ebf95ba-2633-43fb-b6fb-30d55d6a545e,1012,375.08,2019-11-21,Food
b5ea54d8-7066-413e-993c-78dd1527b707,1025,122.68,2018-03-02,Entertainment
1683ae8a-000a-4859-9a0a-7683360bda31,1046,250.47,2020-04-14,Shopping
1a4cc95b-4778-4d7f-b610-a84384a39268,1015,184.62,2021-12-25,Food
462c31a6-b219-4280-975b-11e0438e2df2,1001,122.27,2023-04-22,Shopping
e13daa6c-8704-4133-9eab-b3800b20eeaa,1060,155.31,2023-04-11,Shopping
f2caa33f-3558-452c-894c-2bdf79768093,1004,352.32,2018-04-14,Shopping
5ea225b6-c54b-4f63-9733-81d47f473299,1064,497.47,2020-08-15,Travel
63fe1b47-594f-4846-a5ed-294391fe4592,1000,476.5,2023-10-19,Food
864d23ef-c265-48ea-8430-725da290ca58,1026,280.66,2022-01-11,Utilities
140c733b-d1d2-448d-92a3-36d6e689f196,1062,44.42,2020-12-13,Entertainment
68fe3438-263e-499b-a7d5-bf0be86a535a,1030,374.01,2023-01-20,Shopping
d6fd7e94-a1c2-416d-9aa2-55aa6d7f6af6,1064,60.47,2019-09-28,Utilities
7d08d0f3-88bd-4400-9d20-954c82893df1,1053,309.16,2019-05-16,Utilities
8a514e75-a18c-4297-836b-59d32eb6e96a,1029,91.16,2020-04-09,Travel
23ce4f91-4569-4f17-a51b-fab19ac402bf,1041,195.97,2023-09-24,Shopping
5c9aa40f-225e-48fb-96b2-75abdab8554d,1098,485.59,2018-11-18,Entertainment
ef4c0a23-9dfd-4477-a122-9290ef64957d,1066,174.95,2020-12-01,Entertainment
5bd5ba09-76bf-4147-8c9f-ed4f3effc9b4,1084,47.75,2022-12-15,Entertainment
e19a4ed3-85b0-4567-9dc2-eeb4b58d8780,1024,324.69,2019-07-26,Entertainment
7b96858f-6a76-4114-a795-2f6f0c296b7d,1023,52.98,2023-04-29,Food
ad941ae7-32e5-4e77-8605-431542271b47,1079,69.54,2021-10-02,Entertainment
9c600e69-9489-4ba4-9a52-fb90621f69a3,1062,152.66,2022-12-03,Utilities
351883dd-209b-4f89-9f24-f25f4e267225,1000,110.59,2018-05-15,Entertainment
496d3afa-79e7-432b-a685-efc6bb93ece7,1030,374.3,2021-02-22,Shopping
1af3286b-7950-45ea-86cb-2e937cfb1d0f,1086,463.95,2020-11-26,Travel
2466d743-3cad-4f93-a088-92274f8f4592,1032,201.42,2022-08-01,Food
54c28311-789e-4178-9497-587991bd44f1,1057,137.04,2019-05-17,Shopping
48fff860-14cb-4be1-a333-480fe9a485cd,1021,269.97,2020-05-21,Food
d4b8a480-ea13-4eb8-879e-4f0c2603dfad,1023,174.96,2022-04-02,Food
b35469f8-0ae3-4255-9e79-edc2801a40e6,1030,193.02,2022-04-23,Utilities
20576626-9979-48dd-b77d-735aefa001e5,1058,45.92,2020-07-19,Shopping
7ea4e5c7-245c-496c-ac4b-5a6acd43ab7e,1091,340.74,2020-05-20,Entertainment
3eb52541-d38f-45ee-b7a3-26ff4a25fc4e,1054,197.73,2022-07-04,Utilities
c353cb3b-14d9-40c9-aba5-f4a82dbb0cf1,1074,256.46,2022-10-28,Travel
9db81562-273a-4d3b-98a1-3580ad135adc,1010,238.41,2019-09-11,Travel
2b647648-32dd-4d27-b93d-6e9c79e067a6,1097,44.64,2023-12-19,Entertainment
e3a110b1-c9b4-424f-a205-5066c0e2c4ba,1078,261.73,2021-04-03,Travel
32f235f5-341f-4842-b384-a42845419a37,1088,418.32,2023-11-06,Entertainment
18fb232e-b4da-4ff7-9508-1e73c7b38ade,1099,145.55,2022-11-05,Travel
1e6d2edd-db45-4c8b-b8ca-9ed17c9ea20c,1047,382.54,2023-10-13,Entertainment
673baf1c-4e1e-462a-91c1-ea8e0796e7ba,1042,439.73,2019-10-10,Shopping
17143020-1dda-4ec2-b1bd-7918efd42496,1041,315.74,2019-05-25,Shopping
13b503a2-9ed8-4d9b-ba98-82e3cde290bb,1072,31.1,2023-03-05,Travel
f19f3c6d-fa35-4a96-b694-627878cc6b66,1060,356.15,2019-01-02,Shopping
0f6eaa3f-5fa2-4a6a-9bfc-de0745efb8de,1051,234.2,2018-09-24,Food
4954b51a-f6cb-47a2-bb1f-1ce2e6975ba7,1000,297.03,2022-10-20,Travel
92670118-1286-42bb-b784-dfb2c69adc9d,1060,245.24,2023-06-11,Utilities
e945f37e-9c56-4a88-a180-2b6f328b16ef,1083,292.83,2019-08-30,Food
e257e70d-8ca5-4f9f-a76e-fc73cea8fb2d,1012,411.87,2018-08-13,Utilities
9f606e22-d4f7-42c8-a16c-f25fe294e07f,1015,95.82,2019-02-07,Entertainment
80876611-3b54-4608-8ac3-0bf7107f4f0b,1005,293.17,2023-09-03,Shopping
674e62fc-f67e-40ac-88d0-b74d627dd677,1064,204.94,2021-12-28,Travel
a394ee15-52c2-4e09-9944-13b3ab3177de,1000,336.39,2021-01-29,Entertainment
a81ea37c-176e-4554-b16f-c3b4e5ddaac5,1062,104.92,2020-07-23,Utilities
49507df4-4ff5-4de5-bcc3-8ac57731b8fa,1063,172.61,2018-01-12,Shopping
b9a79452-b630-4746-802d-df657373876f,1072,124.44,2020-03-05,Entertainment
81e276f7-ad68-41a1-a706-2d1056d80f86,1034,212.57,2022-11-18,Food
bc1d9cc9-cbf9-404f-a834-0b838e9fba8a,1090,131.27,2023-09-06,Travel
a3d4bb61-6688-453c-88f3-748cdc421148,1005,86.88,2019-08-15,Travel
1bcb0144-cca6-4997-abd5-26de402d5530,1045,19.9,2021-03-12,Travel
b0917cfc-9f3e-49b4-bcc3-e287fc28926b,1032,401.84,2019-11-14,Food
5e2fa4df-ad77-425e-be53-c785db6f64d4,1082,87.35,2021-07-14,Travel
14ce6dc4-8012-4a3c-b199-efc055233a61,1065,196.76,2020-05-07,Shopping
46dafa80-7a00-4460-976e-7cc7509ff297,1032,192.69,2022-07-07,Food
013939ba-4422-4367-8dcc-77056b252f0d,1028,118.68,2022-05-15,Utilities
508a5262-6a96-4990-a00b-419a27c62097,1000,95.51,2019-04-30,Entertainment
d7421698-34ef-484c-8c4c-bbaba3dc74b4,1021,290.64,2021-08-16,Utilities
c55b81d1-147e-438d-b12c-133e44c7799b,1090,291.76,2019-03-25,Entertainment
e30f755f-ca68-4f13-a1c9-de46646005ed,1050,356.7,2018-07-24,Utilities
e905bec7-6b11-491e-8446-3190893e9d7a,1030,190.53,2021-11-03,Travel
a0811f07-3dad-4b80-9855-9ae5babe2805,1027,108.06,2018-05-08,Food
2703c937-b755-4e41-a386-b12fe57ebc7e,1051,37.47,2021-04-23,Travel
d5d23de2-9e32-4bcc-96b3-4c7646af1500,1020,391.62,2022-04-02,Travel
560983c3-5d58-4f41-992c-da66dd19861c,1023,243,2020-04-18,Shopping
ecc0decf-01c5-4f0d-8c11-5638c842b0f7,1060,163.45,2023-01-30,Utilities
4c7c3a0d-00b6-4e44-a572-176b8e6c5a96,1083,206.18,2019-12-20,Food
6b892559-4264-407d-a575-48bc0705ba89,1044,309.83,2021-01-11,Travel
843f8f5f-a55a-4860-872d-085b90c30f44,1083,223.08,2018-02-27,Travel
a77588f6-ae12-4a80-8aaa-6cd0a9d25e84,1044,165.09,2018-07-25,Shopping
c7566332-2d3a-444c-8ef7-eecaca2bcf21,1087,30.45,2023-12-23,Food
167a0c2c-1942-4cf5-b111-db02c90c1829,1056,341.97,2023-09-04,Utilities
40e97e70-fdf4-4a42-bf09-191115281e06,1029,218.2,2019-01-31,Travel
a421e615-92d6-48cd-82ff-34c62cebec05,1001,210,2022-10-25,Travel
622982e8-982f-46bd-9c21-dd388c03d80d,1017,373.8,2018-03-01,Entertainment
58fa22fe-0444-4731-91ce-a9bf1ccddf1e,1072,156.59,2021-08-15,Shopping
7b90b73a-eb0a-4000-bfc4-c3aaf6924130,1008,141.84,2020-01-07,Shopping
546e0528-6d6c-4a3e-a468-71ed865c3ccd,1096,250.76,2023-04-03,Food
c71fd1d6-a57f-4e92-ae0c-f534a51757f7,1091,207.38,2021-10-17,Shopping
117b2bf2-43a5-4a37-abf5-e4f5df07e70b,1074,22.16,2019-08-30,Travel
8a8471de-db77-445a-baf1-6a8ca1314cc1,1085,119.14,2023-05-27,Entertainment
437b044c-5fe7-4b48-b811-2147e1a3309e,1086,85.43,2019-05-11,Travel
2b627ead-0546-4dc3-8f93-de2fc3bc9b0b,1006,406.42,2021-12-05,Food
e87be467-1bbd-436d-93e8-b3bbdd723aa7,1099,383.34,2018-09-03,Entertainment
d7219dec-3255-4d2b-a3c4-c531bb5b8e44,1004,46.75,2018-01-21,Entertainment
f7db3663-54b2-4127-bb1f-cddea721d968,1053,297.83,2020-01-30,Travel
649b4a2e-a4de-475b-80b0-347507a21218,1069,430.28,2021-06-14,Entertainment
4d9d55f0-71d5-496e-aeb0-7faa6e26124d,1084,181.14,2019-09-13,Utilities
62ff8109-097c-45bd-a216-1fe8636dc2c0,1019,166.54,2018-01-21,Shopping
65baeff9-9265-4268-b625-d3e3c6a0482a,1031,184.17,2023-06-18,Travel
67798f05-2c5b-4ccb-8afa-16ff843d3457,1030,213.69,2020-05-12,Food
cccbb3c2-3726-402f-9c11-340ba0b76b50,1074,499.42,2020-12-26,Entertainment
561194b9-43ed-43d4-ba30-5011bf82864b,1027,38.84,2021-05-04,Utilities
7e142cee-e2bf-4dd9-9f28-ff89227512c6,1007,68.92,2021-07-10,Travel
9cfbb45b-5f25-4188-b403-c0d9850c319c,1072,484.38,2021-11-01,Food
f06b3950-f359-4abc-9e70-a20774698cb8,1055,492.06,2023-12-13,Utilities
c750f040-9a83-4cb1-9986-51e4a11af8c4,1007,97.98,2022-11-22,Travel
dd9d12d5-419b-4df9-9b59-93a02e8ce273,1072,140.07,2020-08-07,Utilities
45f8e771-f230-4107-9134-c671ff83fd2c,1034,413.3,2019-03-01,Utilities
46afbc19-1c24-474c-9995-24fccb5ecfda,1067,167.07,2021-07-12,Utilities
9730715d-3111-4969-9968-10edecf239a5,1032,142.92,2021-11-08,Entertainment
79facda7-9df8-4a81-8e46-92ae5336ea30,1063,379.61,2020-06-10,Shopping
2ddf602d-539b-4e38-9996-0aa56c212697,1034,149.79,2023-03-05,Utilities
69ca2c00-debf-4738-8f17-caec015018e4,1050,206.23,2022-11-04,Shopping
a94c033b-3343-4cb7-ad6e-059675f11bbd,1098,368.12,2022-04-25,Utilities
4958757f-c34f-46b5-964f-031c332bab4f,1033,82.44,2018-06-18,Entertainment
b7bd94cb-5c1e-4e38-8cc1-02ec0aef3bab,1046,234.74,2023-12-16,Food
13fcacf5-2ef1-47cf-ab8a-2f1c8616902f,1014,190.03,2022-05-03,Utilities
3432afd8-3493-46b1-b0b5-5bcacebf23a6,1021,181.84,2023-06-19,Shopping
bfc73b5e-43f3-45a6-8c8c-6fde87cc5ed5,1087,219.15,2020-07-05,Utilities
1fbb165a-2e38-4090-868a-f25b6143b39c,1029,235.17,2018-01-15,Travel
40750eef-d3b2-46cf-83e3-908ac54f45a9,1019,290.66,2021-05-23,Travel
48c607fb-ba48-49ac-a570-b86150bd7524,1009,353.08,2018-04-18,Utilities
c6061c9e-7a3a-4869-aad4-9af373dd6f6c,1005,364.26,2022-09-22,Utilities
e2fa51e7-e6a6-41b7-8ebb-be834426a98f,1025,327.22,2022-05-19,Utilities
c19de372-c5cc-4475-90a2-66b962d97a8c,1032,349.2,2020-10-11,Utilities
c87310b8-2535-4179-bb25-59b68ee02064,1036,66.22,2021-10-12,Food
92f84994-e736-4513-b357-faec2fab41be,1011,128.08,2019-11-22,Shopping
ab8aa147-e73e-4f07-aaa9-5d5adcb7f399,1072,17.99,2021-08-23,Entertainment
95279f34-6f5f-421e-b802-001b98ad81b3,1069,144.2,2023-01-08,Shopping
a70b8f4c-684e-4a59-b8dc-c973f4c3f979,1086,230.25,2018-04-12,Food
57af8662-ee8e-44ff-a07c-c007d6c31030,1066,84.58,2020-07-19,Food
6b923320-7c40-4ce2-a103-58f8854904ac,1068,371.29,2023-11-02,Food
420c466a-09d7-49c0-a915-137012103b02,1024,248.44,2022-03-18,Travel
3c9aefa1-42a0-429e-8a2d-452fc0eb4276,1006,309.85,2023-04-08,Food
6b33e53e-aded-46ae-91a9-370fa1a8b54e,1009,56.64,2023-08-27,Entertainment
ea0d9819-bc52-4963-979d-bcb648b1893b,1015,492.36,2019-04-22,Entertainment
438ac10e-b6ea-4677-af01-f27725018e47,1050,222.29,2022-10-17,Shopping
17304913-92a4-4167-b2a2-49a0a09c475f,1039,70.3,2021-05-03,Utilities
2d23fb0e-864e-4849-9443-931cfac25dda,1040,422.7,2019-05-22,Travel
dbe14cd4-5bea-4d7b-920d-78eb1ecc5481,1033,288.76,2018-11-11,Utilities
73962095-6817-4751-b74a-7cc8a0833cea,1097,257.7,2020-01-13,Food
ab8e04b6-4dff-4dc9-95b9-140ea5f454e7,1036,240.07,2021-06-07,Food
dcb37b0a-31cc-40e2-891e-b6dc424e3815,1096,18.25,2021-01-07,Shopping
e7a76835-80c1-41cd-8125-6121ef842cbc,1045,386.29,2021-02-03,Food
22e495d8-7c94-47b7-a350-c067234a82ec,1015,327.16,2018-05-10,Entertainment
3a917bb5-5523-4db2-99a6-0473b7ec025b,1092,236.77,2018-04-28,Food
13ee7491-d2d1-4258-94a8-735a935831c3,1063,37.57,2023-10-01,Travel
6d93ce9d-5e4d-49e6-889c-5babf82c469b,1005,141.25,2019-02-14,Food
a6c819b2-48af-4416-926e-edcdf7e25342,1085,136.6,2019-05-13,Shopping
471db5f0-58b9-4ccc-8ce7-b59742f08fc7,1067,472.88,2020-10-15,Food
431969cd-e3ea-4126-af2f-11546321a1d8,1039,235.13,2022-09-15,Entertainment
da1c85a4-a741-4eee-b610-331d1ebac35b,1036,60.66,2022-01-06,Shopping
5f88edd5-70df-4fd3-b9ad-17c39be7bb0a,1038,344.33,2022-12-03,Entertainment
c9915a4d-0e50-443e-ac1f-ffc02e089103,1072,348.08,2018-11-19,Shopping
c7a75823-cd5c-4862-a444-3985e37b1dec,1022,195.82,2023-11-09,Entertainment
568e482a-d8c9-4bc2-9677-34a4dc9a0305,1000,454.36,2023-11-28,Entertainment
f8417fbf-01a1-4d90-8d16-e9d38fdb465a,1033,215.55,2021-08-08,Travel
74e1772c-b8ab-4f4a-a82a-7c566b8d02dc,1041,499.16,2018-01-26,Utilities
de3c8241-9e97-4a10-a206-f38ac41d8289,1006,122.98,2022-04-12,Entertainment
b334e358-6d81-410f-b480-e8f4f8d2c4e6,1094,183.94,2019-01-24,Entertainment
b8e89fab-b85d-4f9a-af1c-1d0f3b20f29a,1040,136.25,2020-10-25,Travel
1499cdba-48d1-43fa-85bf-1712f98fc2f0,1021,209.4,2018-01-11,Shopping
8a2df34a-17c2-4487-a92b-4ca63e3e8e22,1094,443.39,2023-05-25,Entertainment
3e59c3d2-8bd1-4982-a585-3ecc32f447f2,1077,445.23,2020-07-28,Food
04968c22-6886-422d-9d71-9d8ecf4f93f8,1070,418.32,2023-03-23,Travel
a3667ad2-b492-4f32-a3f6-6c90f072541b,1019,75.57,2021-01-18,Entertainment
9d74ea13-b317-4605-be4c-62b7450b1771,1058,361.93,2018-08-18,Travel
bc3b6f00-3c19-400b-8f7e-5794cd93a50a,1003,398.8,2023-01-06,Travel
c8da1735-4b42-497f-896a-85346d094e15,1099,243,2022-12-25,Entertainment
3357d033-77d1-4cfe-84b0-99098a972399,1054,51.98,2019-09-16,Food
051f93d6-56b9-4a97-bd64-4764b87a460a,1069,133.09,2020-07-16,Food
1894649e-ba64-4046-98ba-da6a5c284598,1090,255.21,2020-03-22,Food
91389eb2-b49c-4d61-b45b-6512e74e23ae,1066,228.32,2021-02-04,Shopping
c93e2339-9dea-4d18-848a-c6bd03c4abdc,1004,107.3,2021-05-19,Entertainment
8e1a8d1a-98db-489a-a2f3-7ff193d8dc08,1082,480.08,2022-07-30,Shopping
7370470a-5fca-406c-b57d-59312591ae54,1062,172.5,2022-08-10,Shopping
3b4bc38e-ed64-47fa-b0c0-c25cadb78f4c,1001,164.35,2021-02-05,Utilities
498810fb-f629-4d9c-a5bd-cf1c5a253dcc,1025,219.46,2020-04-25,Entertainment
6938417f-61ed-4784-aad5-aee80609a446,1010,399.3,2018-12-30,Shopping
54d65420-8d95-47ce-b9d4-c0d4cfec18e2,1030,160.5,2022-03-12,Shopping
891fb306-ca12-4761-a763-00a3d11331b0,1055,236.39,2021-09-24,Entertainment
d96e177b-60b8-42da-a459-6f110e5561b5,1031,75.26,2019-01-27,Shopping
74c205ef-6384-4e73-8ca5-c70009dc4d37,1062,348.61,2018-09-05,Entertainment
c14d4717-b342-475b-9db0-21423ee5000e,1073,320.75,2018-12-29,Travel
51376864-1b9d-4aa1-bb9a-c3442f9c39dd,1056,12.06,2020-07-17,Travel
6b0909de-b4d9-4107-815e-61001eb7fa37,1026,244.57,2023-08-01,Food
c88074f3-04fa-47a6-a451-41e20746d5d9,1086,475.23,2022-03-27,Entertainment
2f7be744-2b4d-4e1d-8045-ca9a99d59e80,1005,337.32,2019-11-16,Food
ddf6b96c-403d-4e73-817d-3ea7add5bc77,1068,61.96,2019-12-24,Shopping
956cc6a6-bf92-4f8d-b06d-cc3f20f74b7e,1021,51.53,2020-09-08,Shopping
150c27a7-e49f-45a4-8c00-25fcf55842e5,1035,390.78,2018-08-03,Food
9b681abb-4e28-4203-8e9f-10ba4a355569,1014,402.27,2023-03-27,Travel
95469366-b6dd-46d4-8542-17ed509f17be,1011,139.47,2020-04-20,Shopping
62dfb11b-aff9-4f46-80d5-d1d47c29d16b,1089,381.56,2020-03-30,Utilities
363bf8b2-882e-4f2f-94a3-a36ac94b7db5,1036,294.3,2021-02-17,Travel
4473a346-2ba6-45e7-a174-18d37401eb76,1033,186.38,2022-07-05,Utilities
73c70840-5388-4a24-a89b-4aab2eeea25a,1074,140.94,2018-10-02,Shopping
ca450fe0-8991-4155-a554-44c3127752d2,1070,362.95,2021-10-22,Entertainment
63cdb1c8-8826-4e47-abb2-a0b03ff0ee20,1034,488.18,2018-09-27,Shopping
b9f0f931-f74e-4e35-91e0-fca390423861,1079,421.03,2023-09-16,Shopping
04778d87-9cbd-450e-b351-d6b37a6b7648,1053,323.69,2021-06-05,Food
f3c6d9c9-dba1-4192-9b49-b3b96f54c3ad,1047,278.5,2020-12-31,Utilities
79702efb-aa90-4ee3-88e7-4fa0628157f4,1008,156.26,2022-10-22,Food
637939ba-b7d0-4ba1-b394-873392e5cda5,1007,18.54,2022-01-07,Utilities
9277de34-d37b-404d-a0f7-0e7c22462a8a,1059,439.59,2022-09-14,Shopping
fcbca745-4943-444e-814a-024e6d9de4c3,1051,193.98,2020-01-23,Travel
4fd8451d-2d01-455a-9d44-433ef9e968d4,1018,338.32,2020-03-23,Travel
58c38719-6ba6-492a-bc70-b29b6f26495a,1061,282.49,2023-09-14,Entertainment
063be202-4432-4ea4-9aa1-326268c30ec6,1083,425.83,2020-05-05,Travel
2480f444-9acd-4f17-9b80-d065a0bf096f,1044,461.13,2022-05-09,Entertainment
7d495d1f-34e7-4f42-8095-09a2c25b8ddc,1048,54.72,2021-07-29,Utilities
488548c9-bf52-486b-9fc4-adf5ea22b2bb,1040,315.17,2021-03-10,Food
08d08b95-a755-4b9a-b173-734eaab16b1e,1034,347.06,2023-06-19,Entertainment
92e1f866-3803-4a3b-89b5-fdceebcd4a01,1087,87.99,2022-10-22,Travel
a2800ef9-1c6d-4b25-9d3b-003992880bd1,1077,105.12,2019-09-05,Travel
9cadb55a-b36e-4f61-92b3-9fdfca3cf322,1016,93.36,2023-03-17,Shopping
8c3a88fe-833c-4fbc-9c5d-f9d8bbcd5321,1025,406.29,2022-12-17,Travel
bed631db-06e6-413c-a8fb-2a960f33e69d,1042,486.15,2018-07-30,Travel
4596ae4f-7dfd-481e-b740-6f1fbd1638ab,1017,250.48,2022-07-30,Travel
9bba9200-c765-4870-91de-f84dca1a6e3c,1090,477.87,2019-07-24,Entertainment
ca843cf1-22eb-4cbb-a965-01f44a4d5119,1032,210,2021-04-12,Travel
982092bb-7e72-47df-8ede-a35c76199230,1049,259.02,2018-02-02,Travel
e0199886-673a-4263-b977-ffcbc990fdf8,1091,207.77,2019-05-03,Travel
104a6643-3fe5-4fd8-9421-dad65254faa2,1050,172.92,2021-11-18,Travel
608b4dcb-19bc-45d4-b3fd-4ee0dd6e18f0,1068,230.8,2022-02-13,Food
ad68ceeb-ca02-4fdb-8783-de64c5f8994e,1041,270.74,2019-02-03,Food
3c45b276-650a-4826-a9f4-0306e922c1ed,1061,17.73,2023-06-02,Travel
6d2d108c-c877-4fc7-ac81-3940b3dd873c,1091,343.79,2019-04-10,Utilities
f98177de-2e56-4cf2-afd0-3f124b80791f,1002,10.71,2018-03-10,Entertainment
f1faacbe-6377-40d7-96b3-d630b368983b,1056,34.8,2021-11-26,Travel
4569ab71-5d91-4532-92a9-4e5327d440bd,1004,33.83,2020-09-07,Travel
a2fd1afa-1225-42b7-86b9-63f4a9358764,1024,447.22,2023-06-26,Shopping
f43240dc-73a6-4569-9f79-552a21bd7880,1084,175.41,2020-02-01,Food
98758dea-5284-4d86-acf9-df0b60325abe,1003,432.42,2023-02-05,Food
559c1808-10e0-4e97-b157-fec6b7019d80,1050,492.74,2021-11-19,Utilities
0d1b0afb-3201-4e7a-a474-907b285cfefa,1058,494.79,2023-08-21,Entertainment
2bdce070-16e2-48dc-91cf-e3fc16b2ac62,1002,125.6,2020-05-02,Travel
e83c2256-d479-4b94-acc9-b6a050480a8e,1092,455.48,2022-02-12,Utilities
871d7e5c-2f75-4ddc-913d-8666f3e7533d,1050,343,2018-04-30,Shopping
5710d99c-46c8-4a18-8132-124211f2b1f3,1048,269.03,2023-07-23,Food
acb9e670-9cb2-40b1-b0ce-8afda0363793,1009,471.41,2019-01-28,Shopping
47cf3ce9-ff9f-4f5d-a988-19de61d3868b,1005,307.05,2021-07-10,Travel
64a69e08-d285-43a5-8564-2896398be5d7,1093,271.42,2022-04-18,Utilities
dab0f9e0-dd59-4175-9184-f77561106a47,1005,263.67,2021-04-09,Travel
931ee244-e2d0-4eed-b445-4407b6e88e2c,1075,48.99,2023-06-20,Entertainment
f2c1d936-452e-4875-b9af-7e5161736190,1037,38.04,2022-12-27,Food
b908383c-3ff5-40f5-a0df-9f3812d01f7e,1047,271.7,2023-06-02,Travel
26922265-a0bb-45fe-b9ce-04dd26759cb7,1091,55.69,2018-01-02,Entertainment
19746975-8f91-404b-b2c7-faf05b4c31bb,1027,73.2,2020-09-30,Food
246f07f2-07de-4f3e-a6a0-f1a2b9f17ec6,1001,144.89,2020-07-28,Travel
196163be-ea37-4917-8e55-a713f4ca2bb7,1087,283.35,2023-10-30,Travel
9dff1c1b-223c-4260-b94f-4dc2759faf0f,1068,166.38,2019-02-16,Entertainment
5bac554c-2e74-468a-8898-e15ed967c868,1000,183.54,2020-08-19,Entertainment
5098cf22-baf6-428f-9176-5d6c5c20fdb0,1018,232.97,2020-06-03,Shopping
0c6f2bc9-d5c6-4b60-ae8c-5bf6fdf6d970,1084,437.03,2018-05-31,Entertainment
d7bc5d0a-d454-42d6-85ab-920ddc7c812e,1048,442.13,2020-06-07,Utilities
47f86a07-71a3-47db-8ff6-d36edbfd2473,1009,215.79,2023-05-11,Entertainment
79155b2d-b3e0-4df0-9fb3-36885c55f76c,1095,403.19,2022-01-01,Entertainment
6b7a7ccf-1c20-49ff-81a4-0873b0126397,1063,192.23,2021-09-06,Food
27ce086c-8b81-4847-b0ae-81d366904e39,1051,31.83,2018-08-04,Travel
1bfa6963-67f2-422a-bcdc-5954424552a5,1013,479.39,2022-10-22,Travel
7bf881cb-d932-472f-8b86-fb26df5d0432,1065,456.13,2023-06-16,Utilities
735ed068-8c5d-4cb3-b5ba-fc06135e6aa8,1085,167.6,2019-11-02,Travel
db3be710-9b1f-43b6-8b98-839cd8ee3199,1092,167.12,2018-10-04,Entertainment
4f61c2d5-8532-4171-8de7-30e2619972f6,1017,189.21,2021-11-21,Shopping
ddbd4c27-2155-4ff6-b79f-64ae28d7fbdb,1024,291.49,2019-01-17,Food
f1aec897-7120-4317-883e-42cd321990a0,1063,437.06,2021-01-25,Utilities
afd86568-5fc8-4ac2-99bc-54417ef40fbb,1073,387.34,2019-06-28,Travel
fcef3c96-975f-48f5-8a4e-5b2cce8fdc50,1076,245.19,2020-01-25,Food
1466a0f3-cac8-470a-9e3c-db2592355fda,1007,309.59,2022-04-11,Travel
82a6a816-f94c-4c77-9e44-806ee92ca611,1046,39.02,2022-02-28,Travel
c41dac39-5bff-422c-9872-a0f217eefc2e,1035,198.21,2021-12-12,Utilities
31159215-d002-40f8-b778-52cdb6692a6d,1028,198.39,2022-12-20,Utilities
c3c1ae8c-e01e-41ee-887e-b4adbaff7222,1092,326.13,2022-06-13,Food
49bfd6ff-e8dd-4144-be59-62f94d1390b9,1047,183.43,2023-04-02,Food
bbbfc68b-7d4a-4e5c-924a-41b9aca0e3e8,1066,59.4,2021-12-05,Food
1c8523a0-5c4c-4288-8052-6c5993c38514,1021,344.88,2022-07-06,Shopping
3b64fb95-86a5-4f45-9901-507d93947038,1097,453.47,2021-08-24,Travel
03e982fe-e4f0-46a7-80fb-a53cb8adf00c,1045,40.96,2019-12-09,Shopping
68997ba1-9a4b-48e2-8a17-123d2351d007,1015,493.62,2022-01-09,Utilities
6e1414e5-a864-4a19-bc28-3f03b5b341fd,1045,447.66,2020-09-04,Food
aef7e7b1-7337-4653-a7b7-10a22e12eb3d,1011,362.04,2018-11-18,Travel
3ee99232-3deb-4633-bd79-8fbd8298bc4a,1051,356.63,2019-04-09,Travel
d20286a7-3ff0-47aa-9efc-8a570846ec33,1037,77.84,2020-09-07,Entertainment
32dadb35-5038-485d-a7ec-6d06ffaf04f8,1006,298.88,2021-08-13,Travel
f6dea3bc-fa17-46cc-9904-6a6d0c5f14db,1081,346.94,2023-12-13,Entertainment
fdf026ce-3fa2-45a1-aca8-40abb67fcef1,1033,260.29,2019-05-19,Food
f1400195-1655-43da-86c3-4dede09af6ed,1028,474.78,2020-01-22,Entertainment
41a2aeed-3fd4-441e-97bc-d30636af5798,1035,264.42,2019-11-18,Shopping
5b86b62e-edb5-4b86-b26a-e5bd4787e887,1018,337.03,2022-01-07,Shopping
a5d17781-96c9-4561-a398-c856612c1f32,1009,337.27,2023-03-19,Food
eda411b6-c654-4dae-8793-1014741b378a,1046,112.84,2022-04-25,Utilities
9e029831-6a4c-45c5-a73e-feb71bd827a6,1012,286.59,2018-02-24,Travel
be6c12c5-74a8-4920-adb6-8729e55a8e6b,1030,192.65,2019-01-30,Food
9716dcf7-e084-4a26-acef-5cc66a56d50c,1065,72.9,2018-02-04,Shopping
03389078-4906-4b47-bfd5-7c7714ad0f27,1028,283.9,2019-01-15,Food
a10430e9-85ab-4db8-9829-3a06ff438bc0,1054,426.65,2021-06-13,Shopping
5d85a504-dcb9-47f0-af5f-df10a48ae73c,1079,451.81,2022-02-10,Entertainment
fced8ed9-3bab-4509-88d5-a1520795d934,1057,61.52,2019-08-20,Utilities
4db96af8-a69f-4952-8cfc-ff85649327ab,1000,292.86,2018-10-31,Entertainment
3dfba5e1-63cd-4915-86ce-44c25687c07f,1022,325.78,2021-02-04,Utilities
08b75321-89fa-4448-8c60-eef3af76d297,1073,156.49,2022-07-17,Entertainment
0a07089e-6a1e-429e-b20d-4cb243acbb0d,1034,85.3,2020-05-08,Travel
b022d93b-eeed-44a5-8826-edc0fd2a167e,1071,372.78,2021-09-05,Utilities
6e3a41c3-1f3c-4374-9a3a-6486756a2812,1061,46.64,2020-07-24,Entertainment
458bac1d-adfe-4764-bef4-ec95fa131261,1049,272.39,2023-09-14,Entertainment
46995cbb-d78a-4163-9ecb-d67429defad5,1064,210.83,2021-07-25,Shopping
949d1888-7a83-4a98-b009-bb8e62c12722,1051,183.07,2021-08-15,Entertainment
9361fa4f-28f8-40f1-8957-15afea5d32ca,1026,349.09,2018-05-30,Food
571b6a9f-37bd-4664-af41-362b5854b18d,1048,386.82,2020-05-29,Entertainment
aea35f8c-bdbb-4a61-850a-676a25808705,1029,399.56,2020-05-27,Entertainment
80667ab1-95c7-44c1-86c4-c632b898793a,1065,256.14,2021-01-29,Travel
b2b18ebd-8de5-4f92-afcf-cdb5b9cdbc28,1057,438.82,2023-03-17,Food
f1527d8b-0fbd-4691-8936-edefa1f1422d,1087,45.37,2021-05-14,Travel
e53423fe-a99d-4a65-851a-1b6b124be1df,1046,213.83,2021-12-07,Shopping
066b2d3b-3529-4ebc-b4e8-159acee489f0,1029,354.93,2021-12-11,Entertainment
f1178dc6-94da-4836-ac01-5ea9a28a7676,1027,146.7,2022-03-20,Food
2d4a3701-da4c-425f-a69b-660f0fc7b034,1030,239.08,2021-03-09,Entertainment
019b72b9-527c-4b11-8495-f5bae4af4e4f,1087,385.88,2018-04-03,Food
939dcff6-842b-4648-8ae9-58744824c39c,1027,300.81,2023-02-17,Entertainment
9a834480-3706-421a-ac66-6d6ed8d3023f,1031,446.51,2022-08-20,Food
5dd5460b-b856-4c89-ac81-a65f4b029b33,1012,184.38,2021-12-26,Travel
e4cd5d2b-a90e-4542-9dea-79fea824f9f0,1057,304.93,2023-05-13,Travel
3811ab32-1a16-49d8-acab-53e612f07347,1031,174.73,2020-08-18,Travel
e8241d65-d9ee-4f24-9b74-68ca9b8040a4,1047,142.68,2021-01-01,Travel
0f17434a-35d0-4347-b9eb-503eb08dfd8a,1072,160.38,2021-03-12,Travel
035f8f8d-6847-47fc-b6c7-6bcd7dae92da,1063,48.52,2021-11-21,Food
cf131db0-e8dd-4902-abdf-ca829e8de8cd,1031,324.35,2018-08-25,Shopping
987f7eac-dc6d-4f0c-be0e-9f8edd76a7f0,1010,393.55,2021-12-12,Utilities
a464e43d-a59d-4e3a-95cd-a1ae113befd9,1091,210.26,2022-03-24,Shopping
6ac93afc-a3b8-4dfd-985c-e4f648bd0fdb,1091,469.6,2020-09-25,Utilities
a3a7699a-482d-48cc-a12a-5c76b021bb75,1005,254.34,2020-12-18,Shopping
247e025f-fb62-444f-a41d-6d1b2b948407,1011,271.93,2019-04-25,Entertainment
0d03f624-530a-44d3-b903-79b570fc0bb2,1012,399.94,2021-06-01,Shopping
18af1dc5-cc9e-4332-b8ff-0f96e03471ae,1017,114.24,2020-08-26,Travel
f4ec6899-9086-4599-a901-07263690bb0d,1058,35.98,2021-08-06,Travel
893df997-2b99-4850-ac99-d671e4c35eb4,1072,299.41,2018-02-13,Travel
13fe61af-9d59-46ed-87a7-7f4247c205ed,1030,466.1,2020-12-15,Travel
e1ed0558-9080-4d44-a9b1-3e2c791a45ca,1072,66.78,2019-09-05,Utilities
b5171bd9-d36b-45ba-b0aa-3a59d010ef07,1003,63.09,2020-05-04,Shopping
28665bc3-6d94-4b57-830a-e1c841df4e64,1031,185.43,2020-05-13,Utilities
f8d3d893-5c3a-498e-b2bf-3b928415414d,1055,388.72,2020-02-01,Utilities
dce59ba9-dfe9-4368-9456-8f756e92eadc,1092,175.61,2022-06-18,Utilities
136f702b-a7f7-4164-81c3-9485c1b311e3,1096,364.18,2021-02-01,Travel
fa6a4ce5-1c7f-4383-a646-1027a287143e,1004,417.99,2020-02-24,Entertainment
4fbf8670-3741-47b1-a061-db4e037636ea,1076,331.87,2022-09-26,Food
fa1dcd50-f4bb-4a1a-8f8a-5805b84de9fb,1012,291.46,2021-07-16,Shopping
2543a090-fb7a-46fb-9a9c-c464f89dc5dd,1057,283.93,2020-07-10,Travel
0f84d846-f2b6-4550-baff-e34ef9c4ab3f,1076,116.52,2018-07-22,Food
283d81df-9d27-48fe-b794-c51ee4da1a33,1091,427.12,2023-05-04,Entertainment
b3ce79ae-4cbf-4205-87ea-2ad78eae7b42,1084,273.51,2020-09-09,Shopping
43cc68fe-02c6-400e-bc00-a0089d9b3d2f,1004,296.75,2019-12-18,Food
3a577820-2208-4a99-b8eb-ed18f4bc5ac7,1007,261.68,2018-12-07,Utilities
af16479a-e7c7-4db0-82e6-e90663aab4f5,1045,325.8,2022-10-20,Travel
d1e71ae0-50be-4fbf-8e41-85a2861f6940,1062,171.79,2022-11-04,Utilities
4370ab01-4738-4d1b-9b1a-deca4aa9450c,1037,36.02,2021-11-24,Shopping
47759aed-70f1-486a-917b-65becba6739b,1064,164.6,2022-08-16,Travel
c96f9e1d-f51b-4552-a529-7cb12540745b,1039,273.39,2020-04-06,Food
ced373bc-e3aa-44a1-b9cc-63768e9a1706,1069,153.94,2022-09-29,Entertainment
6e4e08e8-1837-46b9-b916-5435ccd96084,1039,315.47,2022-06-21,Entertainment
bd6503cc-0ebd-46aa-936c-e639e6af6bd6,1009,198.37,2018-08-20,Entertainment
8316badb-1b67-4ab8-a997-ce1aa6483dd2,1071,154.23,2020-07-28,Shopping
f578f88a-a292-4378-a6b9-c97c4f8cbf8e,1047,491.54,2020-10-26,Shopping
5e453787-28c7-4413-b870-d5a1becc77ce,1002,277.39,2019-08-16,Food
08f05cea-23ef-4f8b-b9d0-d8aebe317ec1,1006,241.37,2019-08-21,Food
2169700f-ff3c-40d1-951c-e23c9050c7ca,1098,452.35,2020-05-07,Travel
1fb0d301-31ac-4b46-8964-ac6f14edf3b6,1072,420.17,2021-09-01,Utilities
68df871f-8411-40c5-a4b7-6fbcaffa548a,1010,36.63,2023-02-01,Utilities
6e74fc68-b8db-4fc4-b74d-66077a275bbd,1038,51.06,2020-07-23,Food
9c35c400-797d-4342-b8fc-5deebad99803,1010,384.18,2019-09-19,Utilities
a3c7d02f-d904-4d12-a6b3-d8240bcfa2ba,1018,223.97,2023-08-05,Shopping
f9e6612f-8d1b-4004-8b35-6cbacb164874,1093,122.58,2019-04-17,Food
d7188e31-92ad-4d01-aed6-6a3f7ce30e5c,1080,121.89,2021-06-29,Shopping
d4a39580-7d69-4891-856b-d20f0bb72351,1015,204.8,2022-07-29,Entertainment
66966e39-d576-4e70-867e-6638dc2dd19e,1085,450.89,2022-04-30,Shopping
00cc4109-2517-45ad-980e-537feebf35ba,1045,169.36,2019-11-12,Travel
ceb33fb7-b692-45f8-b789-70f46071d612,1087,410.81,2019-03-07,Travel
7b0542fa-0f09-4448-8d95-cc802616b062,1071,475.66,2018-12-23,Utilities
d422e95f-039a-4b2e-a108-962e9005372d,1084,294.52,2021-08-17,Food
95f13be2-cf55-4e8e-963b-34b0c6f3f776,1059,286.43,2022-12-25,Utilities
1aa6ecc9-05cf-424e-9530-71303f01f58b,1079,334.69,2022-11-02,Shopping
20e60964-612e-414d-a055-7db05e9a5779,1089,169.17,2018-11-29,Travel
f41fbab8-c5c7-4e18-826c-2f1bff8c414e,1093,432.61,2019-03-02,Utilities
ed28a5ca-d5db-4225-ac60-c970db3f67c8,1043,221.42,2020-03-01,Utilities
cc8c936a-5fcb-41cb-a4e3-44911600fe94,1043,73.68,2023-05-10,Utilities
ea7bac24-fa88-4ec3-9022-2314318a14ea,1054,46.41,2020-01-05,Entertainment
fb5bfeea-927e-4d16-8575-753dabd2296b,1070,62.35,2021-12-05,Utilities
03522910-1961-49c2-b5b6-b8deb4d575ec,1095,328.02,2021-04-26,Food
fb6e3704-d4d3-4288-be4f-3aed5eae49f7,1000,224.47,2019-02-18,Utilities
76da34c5-e361-492a-a9ec-27e67f27888b,1009,45.02,2021-06-08,Utilities
1e004e7f-325f-4ad2-9313-691783f17e25,1098,264.06,2022-06-18,Utilities
5ed401ff-8d40-4d54-aae5-24545dccdd9a,1032,160.11,2022-01-16,Shopping
86c44646-7635-4456-8479-f5cf11e93a43,1087,116.8,2021-01-24,Travel
9a2643fc-5d5d-43b6-9bff-0e05479139d1,1085,157.35,2021-12-29,Shopping
b3f95dd6-f04b-4c88-9e8e-66a8a6de2b96,1075,485.25,2022-08-05,Shopping
8d688082-72dd-41a5-8058-4eae2d7b67a8,1021,174.03,2018-01-30,Travel
0ab05b43-a4f1-494a-9c81-66143e63cf90,1048,60.95,2020-10-14,Travel
4de1503c-eb0f-44ac-8b58-0efdc3763d3b,1012,57.02,2019-07-14,Shopping
5a216fcf-21f0-4563-b3bb-702cdea80010,1008,377.38,2019-08-12,Travel
63f94e5e-d45a-43b1-a71b-f042726a9fd9,1084,15.15,2023-06-27,Entertainment
cb8a0f94-2a3d-4cba-adc6-dcf8b20bbc46,1080,26.07,2018-04-23,Travel
ea468b06-553b-48f0-9a07-c9e1c78a6734,1072,368.9,2021-03-10,Entertainment
b2f481f1-df14-4e1f-88e7-bf7931dceced,1073,198.47,2023-09-24,Entertainment
82dff005-c358-40f2-b066-96790286fc15,1080,381.86,2020-12-20,Entertainment
25896724-8806-468a-949d-b0ffc0f2a4c9,1083,131.69,2021-07-03,Travel
ea8750a8-eb45-4337-9126-9d7b0cdb2e4a,1098,410.94,2021-09-26,Shopping
e3d122b7-37e5-463d-bc9b-0b0f172e6407,1013,383.54,2023-04-16,Shopping
6ee2eb33-f3c0-4cfb-ab48-39b4f9ea0220,1045,364.19,2022-05-20,Utilities
e77369d0-7965-420d-bd7c-9e0411d3bebe,1080,272.74,2023-07-30,Travel
7e0bb832-0286-4bc7-8779-22d970f55445,1057,410.6,2021-06-21,Utilities
8a74be24-cbe1-44fb-9325-f3f7c6e70b15,1090,401.95,2021-10-06,Food
e63cf5b7-f2fd-433f-b134-9b9023834af9,1007,227.46,2020-11-13,Shopping
60fc49b7-1c61-42eb-ae06-4d58765cce4a,1048,10.56,2020-08-01,Travel
701642d5-6a88-464b-80b5-a358a066b577,1082,178.61,2022-05-29,Entertainment
02ada351-32a1-4368-8a60-5dd28b394253,1010,339.2,2020-04-23,Travel
849f6802-f449-4deb-9c00-789c9fd69ae0,1025,428.15,2020-03-31,Entertainment
e26971b4-5bce-42ea-9f09-d2a27ff61264,1096,277.36,2021-08-11,Shopping
e44aee41-fdff-441e-98eb-308c89a0e88e,1048,171.54,2021-06-12,Entertainment
ef41f639-c344-4a33-b981-012cb6ac5c28,1044,145.7,2023-09-24,Shopping
1bfea4dc-7f11-4c32-9e6f-bacbafe385fe,1075,472.35,2021-05-22,Shopping
82a18f24-ab38-4c8e-afbb-5378a20beb01,1000,284.26,2023-10-25,Travel
058e4c57-ccb5-4834-a3db-2a901237b4de,1036,474.85,2019-06-12,Food
54d797e1-b0b2-4312-900c-d7a2fa5a4297,1008,298.83,2019-02-06,Utilities
59678d58-a9a7-4405-a3c1-a50b5a3ac41b,1090,478.56,2023-03-06,Travel
455c8bb5-57b3-4891-9fab-b39dc6493179,1089,151.3,2019-03-17,Travel
8e917e1d-4694-4d2d-937d-6a5ffc258de3,1097,114.01,2023-04-25,Entertainment
8da9d6e3-d38d-4d99-a674-f105ca07defa,1005,10.73,2021-06-20,Utilities
c9af8d75-abba-4983-913c-a5c8c36e02ae,1054,205.34,2018-09-05,Shopping
88499afc-02ac-4aa2-984d-296625e5fd11,1046,286,2022-12-17,Travel
31b9db21-7519-44d4-aa6d-9877d004d786,1015,55.1,2022-01-10,Shopping
7a4ad85b-666f-4c60-988a-37079ca9568e,1047,46.95,2018-02-12,Shopping
22a4712f-9ded-4126-9009-1b0bf86ae54a,1079,495.98,2022-09-22,Shopping
abcdda49-84cb-49d0-972f-f8e2b60e1e81,1083,439.28,2021-08-04,Shopping
142bd476-ef33-461b-a940-54b2f314f704,1039,132.09,2019-04-17,Entertainment
6765469a-98cb-4151-a2e7-2e1004f3de15,1075,428.35,2023-10-28,Travel
7ad7d90a-9787-4fcb-a250-9c6872e647c6,1011,200.49,2022-10-27,Entertainment
1379106a-39ae-4d21-ba96-87fc2d47a7f7,1062,76.38,2021-06-09,Travel
60931eef-cf17-4aef-8229-a1e6c11f349e,1030,10.47,2018-05-20,Shopping
4a715560-52ae-4775-a9e0-e4fa71bdce99,1059,342.12,2023-08-05,Entertainment
77da839b-3928-4c1e-8a66-c8638c7ca388,1066,225.19,2018-05-22,Entertainment
210462c0-dcb2-41dc-908f-c9459559abad,1087,355.69,2018-01-18,Utilities
2ce34ac9-8c3b-4eee-9db1-b19da29946ce,1038,263.69,2023-09-16,Food
d096744f-3988-4d61-a2a2-dad20e10a859,1000,25.27,2022-01-13,Utilities
462ed236-91f2-4332-8f54-3a21691c487d,1019,406.66,2022-06-13,Food
2b87af72-2ff3-4f51-b23a-febe8f47b408,1060,207.61,2019-01-09,Travel
39d4d7a2-b9ee-4a06-b4dd-fc6c29f33430,1039,52.98,2020-08-08,Entertainment
78aefccf-7202-4a25-8fd0-2f7b8e1de2df,1008,233.88,2020-07-30,Travel
49859448-e0df-4ccb-a06e-40c7cb1370a6,1051,58.5,2019-10-26,Entertainment
db12e458-8f7f-4bf4-a516-fb3bf1fad94d,1004,132.15,2022-10-09,Shopping
db911b4e-feed-4bd6-8e46-fbbc1e68588d,1037,328.4,2021-08-11,Food
54993818-f462-4e12-95bb-0e3164bc735d,1037,254.45,2019-05-22,Food
542abcb1-28e1-40d3-9feb-6e10acf7e38f,1061,130.44,2020-05-29,Utilities
541f9596-41d9-44a9-85a0-12901cc4e04f,1029,222.91,2022-06-10,Travel
4bc7d8a4-8e7f-47c8-8507-b584705fcef5,1028,377.59,2018-04-23,Utilities
24a69790-20c0-46c4-9d9c-1c47b64204fd,1079,190.15,2023-02-14,Food
92836ab2-b85d-4a73-865f-71132d2b9ca6,1018,168.19,2018-01-06,Food
80376ee2-cbee-46d1-aa8e-4ab9ffe727f3,1066,438.05,2023-02-03,Travel
aababd56-f5a8-4c3f-ad57-f3704184c24b,1035,267.82,2018-07-02,Food
536421b5-070d-4e29-9eaf-12dde2ad9ea5,1042,251.33,2022-05-20,Food
7da885ce-7b93-4ac4-a118-ac324d2594c8,1015,369.07,2021-04-19,Entertainment
7b5b68f8-a8ca-4d6a-804f-5d4e18bad582,1020,140.65,2023-06-07,Travel
9f4a20ae-0c4e-4ce6-b40b-d385fe537d72,1064,404.2,2018-02-26,Entertainment
ff037d3e-4a30-4f05-b5a6-7aff654a268f,1003,350.35,2020-07-07,Food
38258024-f72c-4d2c-8b05-fce4ab99fcbd,1016,418.69,2023-03-06,Entertainment
8a68240c-b67a-4666-abfd-fb3c635ca976,1072,67.5,2022-05-05,Utilities
36326ef1-73ef-4b2b-b8d4-2115fc4e50ef,1000,128.03,2021-03-09,Travel
6b10e978-f52b-424f-877f-d650369e2739,1059,445.76,2022-06-27,Shopping
4b4e6e6a-c507-47ce-8b34-48f12cf3d418,1031,215.16,2019-12-15,Entertainment
b36c7b1c-7673-4f34-86d7-9ea3cebc7520,1065,347.2,2023-07-05,Food
96983504-eebf-4c15-bb67-5fff5ca75272,1093,227.43,2019-01-12,Travel
e6f89db0-3d08-44f8-8d54-7d126ffbf43f,1067,418.06,2022-09-14,Shopping
f37080d5-d217-4e23-b211-ea6218a8cf0c,1002,401.51,2018-04-16,Food
3df5d24e-9916-4f4f-b301-69ab30106b04,1083,451.68,2019-10-03,Travel
2bfe5837-8711-46d6-a417-57e5224db263,1027,99.6,2022-04-23,Utilities
0052f4b5-59a3-407c-bf44-a86a9b906bb5,1045,269.32,2021-09-17,Shopping
b93336c2-e75f-4c73-ab7a-b4529737247a,1081,11.47,2018-03-22,Entertainment
c98e9437-543e-452a-8b08-b8968ddb0a3d,1012,205.59,2023-12-20,Utilities
44db8d4a-e8b3-4b1a-bba9-2a62b16d5ff5,1027,345.79,2023-06-10,Travel
471f983b-0f25-45f9-b943-d82d25b1b7ef,1013,484.45,2021-09-09,Utilities
c090e0ae-e0d4-462f-b984-539659861f30,1039,424.42,2022-01-23,Food
8481261e-5a27-42c6-8fcf-fdef9d4b3193,1085,62.1,2018-04-14,Food
65ec91de-07c2-44e7-96f2-99845852f575,1054,264.45,2022-12-06,Utilities
a10f11fe-23d2-4c8a-ae00-48bf0078ab5a,1032,227.81,2022-11-14,Shopping
c7b4c1c8-14d1-4abb-94b7-abcf89f467b3,1053,76.01,2018-11-26,Utilities
e8740e73-08fb-4b6f-b7dc-cf1fefd3cfbf,1037,258.9,2023-11-28,Travel
41d38851-600f-4c10-869e-8f07aa243769,1096,79.85,2023-11-08,Utilities
7a070442-69d8-4a98-99ff-a41cfd42e512,1005,12.03,2021-11-14,Travel
1ec02487-78d0-4bc3-adbe-6d8e3e96a81a,1005,403.55,2018-09-05,Food
e4017a2c-6c4c-4b3f-84ad-e4c457483738,1040,494.47,2020-12-31,Shopping
3992f14b-1b2d-446a-8e65-f1c7315b9780,1034,254.41,2023-10-11,Shopping
66eed9fe-80c7-4827-a397-78ae45b7600a,1035,482.12,2022-03-09,Utilities
72a56faa-6926-4538-8615-05f1e8724e47,1030,60.85,2019-06-05,Utilities
cc90d8fa-2477-42ce-b98e-54045af32d06,1027,154.84,2019-04-02,Travel
8c3c030c-79c0-4f29-886e-c75361f8f5a6,1056,208.5,2023-03-17,Utilities
0c5c001a-1576-47cb-a6bb-138dc871c5ab,1020,183.83,2022-11-09,Food
bd57c0fe-bc94-485f-b663-523ab93dabd4,1013,224.11,2021-11-18,Food
78047d84-425a-467d-b368-368ca91f350d,1083,207.79,2018-02-11,Food
8c5d0c82-f079-45ab-aa84-35afa94c790f,1051,302.89,2018-07-14,Shopping
446024ec-0d34-430d-b1e8-41ab343b76b3,1046,109.74,2022-11-16,Entertainment
e19d5e5d-f47a-4d89-84a2-e671ce5d9e27,1070,307.99,2022-09-30,Travel
4096e23a-493a-483d-a9c4-4ae8bb8139f1,1049,310.8,2018-05-20,Utilities
27ab925c-a572-4851-9f61-24f025e6706c,1001,44.51,2021-12-23,Travel
cfbaa21d-bf11-45a5-a7db-2225d4c5cad9,1009,202.41,2023-12-10,Entertainment
36b7b443-9fcd-48d8-b6e3-e6c92b36bb33,1088,66.66,2021-04-05,Food
e07da4e5-e186-4a34-8871-6191feb17623,1098,195.22,2021-05-20,Entertainment
ff2d746d-e87d-451d-b0d8-120f5e78dbcd,1055,215.32,2021-12-29,Utilities
a580fdb0-03bc-46fa-b84c-b5b5299ef5e6,1017,463.75,2018-05-05,Shopping
2829082f-908c-457a-afda-f4fd6f61266a,1090,59.5,2018-01-12,Food
cbbc2608-8af9-4c3d-bc6d-a89e3a9e9f4e,1011,450.09,2020-06-17,Food
1404e03f-6fed-4d16-bdf9-2538c3bcf1a1,1041,484.72,2018-07-15,Shopping
a74c9152-6c70-4ffa-b472-650715ee9d14,1041,354.08,2023-01-26,Entertainment
216e318f-20ce-4880-a5dc-fddca6ccfbd4,1003,479,2021-01-04,Utilities
3632f458-5d22-4a0b-8f30-591e641b3354,1077,12.47,2021-05-18,Entertainment
404cd9e4-efda-4ee2-82af-16985618d1b4,1073,92.82,2020-03-29,Travel
cef22b58-a70c-4a75-ac39-d23ea6d631c6,1065,232.2,2023-12-27,Shopping
dc5d4b27-070a-43ff-b5a5-82c25929df5e,1070,129.74,2020-06-08,Travel
98a285f8-b04f-49d5-a386-6f1057e87434,1094,233.23,2023-07-28,Travel
69875595-2e84-488d-9527-5ec691ef0c85,1088,488.66,2018-10-14,Shopping
af42bbc2-cd24-41d0-b58b-48512d796948,1096,78.56,2021-10-09,Entertainment
348c8725-4b17-4de3-ad9a-108353f807d0,1094,166.82,2019-02-24,Utilities
23daf2af-5b46-4292-8815-6e2e311a761c,1059,318.73,2019-10-19,Shopping
fa7a2344-5036-41a9-b389-2568e68e4318,1030,243.98,2019-01-24,Utilities
8c8dba22-ceea-41d4-9c39-43649ede36c6,1098,119.14,2022-10-22,Food
e172b58e-cb88-4ba0-b669-e4560fa57ad3,1060,470.4,2023-12-23,Food
07478e85-2cc2-4c62-b4dc-9edf5bb47326,1025,391.9,2020-10-09,Utilities
6bdfafe9-d9b0-41f4-9619-980ba7ff6734,1033,197.13,2022-12-18,Entertainment
0ecfa8fe-d24c-45ba-be34-55d94b726854,1017,54.19,2020-07-22,Utilities
fab035ea-395d-4a7e-8eb3-20e24917ad7f,1010,323.12,2018-05-20,Travel
10728587-2d8e-4349-871c-f0d46cf5e653,1049,432.94,2021-05-15,Travel
58c83ff6-bd64-43bc-887d-4c803e47820d,1099,459.77,2020-09-23,Entertainment
81a2ebb1-a652-4718-a5d1-516c3cd73d3a,1098,140.7,2019-02-27,Utilities
4f5e212a-de9a-4472-a44a-b182f8984b73,1092,52.51,2020-06-08,Travel
cb8df4ea-d373-467a-bbc2-0c37074f7b85,1011,446.28,2019-06-25,Utilities
425f5b2d-a9ae-43c1-898e-6ae4fda4aed0,1087,134.66,2021-10-17,Entertainment
83e75b9f-c82b-4236-8fa8-018cf2e898d1,1075,203.59,2022-10-10,Shopping
777e5cee-aa59-4967-827c-1354b7ccca6b,1046,223.47,2018-04-21,Travel
a8352e5d-3927-474a-904b-6a6eef7a53cf,1006,319.24,2019-03-25,Travel
7ca4ee58-be71-43cb-ad9c-7d735fa2ba01,1092,11.41,2023-04-01,Travel
9296da99-e916-4259-b1d8-b254f767197b,1009,389.59,2023-08-14,Utilities
8a124503-caa3-428b-bec7-3d92978c2a6c,1035,68.23,2020-12-19,Shopping
d9e9b286-8865-497c-a650-e2911360bf13,1091,466.22,2023-08-18,Utilities
44970b4f-afa8-4df4-91b4-8e08e6c11e23,1038,383.76,2018-09-04,Travel
fe48d287-9949-4d4e-bd10-114d65bf6ad9,1042,273.09,2023-06-30,Shopping
c9273439-93d8-4b96-a74c-1e121e8d7a91,1096,311.07,2023-09-07,Travel
3a42a4f2-9711-4462-a82d-e55de9fead46,1049,104.36,2019-07-12,Entertainment
1ffbad64-078e-4a53-a809-f5e88615d0b6,1067,131.71,2019-12-08,Entertainment
6e6360a6-3605-467c-9b83-7edcd01c3280,1091,319.49,2019-04-20,Travel
4710dcb6-deba-41ad-a128-6e9825419840,1032,230.49,2023-02-15,Entertainment
12e15815-1743-4e9f-afca-ab5af18e42f3,1048,152.19,2018-01-17,Food
fdc04074-3796-4073-a913-a6133d9caa99,1076,348.15,2020-02-24,Utilities
944e27a0-e6cb-4e53-823d-76d04fa0ad68,1078,358.77,2021-12-12,Utilities
9f1e171b-7dfa-4dca-b921-bf5e2112347f,1030,361.7,2020-09-11,Food
8851fc23-5b82-444d-9dab-a30ba43bd515,1017,332.67,2019-05-29,Shopping
ae32e306-de10-4640-981e-7df509a2c3b5,1025,314.55,2019-07-23,Travel
2adf6f09-4c71-41ac-9c6b-f7e87de34543,1075,31.78,2021-12-13,Food
d821b73d-fa6c-4b3c-b093-b9da95403ca7,1098,46.63,2022-01-15,Entertainment
6e84a9e3-415c-4aad-84a6-336322ede60a,1008,466.14,2018-06-21,Food
a2e89bd3-c3ee-45b3-953b-50eb889dffed,1078,13.36,2021-07-19,Entertainment
61230a04-9c78-4337-b755-27188c0776c0,1084,121.08,2020-01-28,Food
60ed9c76-c349-4feb-b50b-75d52e3990eb,1047,127.51,2018-10-27,Shopping
4ed00cba-0221-4079-b28c-36c6eb06c573,1057,401.99,2019-04-20,Entertainment
d59892ee-d58a-486a-ae1a-6b1dcaefb174,1087,385.63,2023-04-18,Utilities
0b964949-8a28-4c7c-8a6b-4d4890319721,1089,89.76,2019-04-17,Food
ccd8830d-79f3-4c63-909e-8d5ba4934e46,1077,95.61,2020-02-23,Travel
a094d6f4-ce20-49bb-954b-daba3866361b,1089,63.11,2021-12-06,Shopping
6c766ace-1949-406a-a713-8c1d99faaa9d,1067,445.9,2021-04-13,Shopping
16d66632-c123-4973-bc42-0e76f2c04f37,1058,200.32,2018-04-27,Entertainment
4c775cea-2f5d-4eae-9827-7655f9dbbf74,1015,273.87,2018-03-13,Entertainment
ac0bd5b0-6dcf-4e52-bf32-1f7eaa01f8bd,1037,223.98,2019-12-14,Shopping
ef6b35bf-77a7-4e2b-9bb1-ce80eef85575,1042,437.98,2019-05-18,Entertainment
d6cc2bcc-bee4-4999-bea6-521e18a89613,1071,359.51,2021-10-02,Travel
f3cd2c17-a8c1-4eee-b2f5-b50e745e150b,1075,189.29,2022-04-05,Shopping
d72de0b9-6a51-4d50-bd4c-19d17a1bd7cc,1056,44.4,2020-09-27,Travel
b23561b0-c8c4-4350-863c-51bc7e0f62cd,1003,36.27,2023-12-06,Entertainment
07431ea9-f457-494c-8736-f47f61d5b518,1052,468.88,2023-06-02,Travel
e76a6735-0201-41a4-8069-bde2b2e78e2e,1085,322.99,2022-08-01,Shopping
1c753b91-161d-4f4c-84c8-b6d088c692b2,1080,499.8,2018-05-20,Shopping
81887b19-a37c-4340-93e4-826d0ccbbb0e,1009,236.15,2023-08-30,Travel
4483529f-482f-4682-bd9c-dd65cd1020e3,1032,411.27,2019-08-03,Shopping
32260ee0-42eb-4bed-809d-843eda489f1c,1022,48.8,2022-05-26,Food
c387a6d9-277c-4554-b4fe-ac93da01212b,1013,57.69,2021-08-28,Shopping
5798b94d-0f0c-4275-88a2-456077d84354,1059,112.54,2021-04-01,Entertainment
5ed80239-5329-41b0-9dfb-66d57baf831c,1012,55.03,2018-03-06,Entertainment
fca06299-9587-470a-9113-8c254a872638,1097,324.19,2023-02-12,Food
b92a6077-7732-49a7-9aea-ec282f6d3682,1067,90.54,2023-04-22,Utilities
d8c7502d-eb95-4de9-b8f7-21284dfa003d,1054,159.46,2020-03-05,Entertainment
25c74fd7-7042-4a1f-8dfa-dc70a17cc489,1026,382.08,2020-04-24,Utilities
645f8e22-a8bd-43d8-9193-11c950645472,1050,51.37,2020-02-08,Entertainment
0f5c830f-e438-424a-91d3-b9ce4c66aba3,1001,222.34,2022-02-21,Entertainment
15bc58dc-654e-4fd2-af32-2680ad6abeb3,1082,482.62,2023-11-18,Utilities
e3b39597-92df-468f-8f3b-14bb42d7efca,1038,181.27,2021-10-02,Utilities
34b815c2-a4e2-4f30-bc0a-cb12e1c6f70f,1000,489.25,2023-01-28,Food
4ef7fbc1-1959-42ee-b3f4-7f948c06b1c2,1053,474.75,2018-05-27,Food
ddd7c530-cb77-483a-bc2b-4aef4b96ebfc,1058,240.18,2020-04-10,Food